{"Linear Uniform": {"simple_regret": [0.05262747022663294, 0.030330010371142507], "cumul_regret": [0.1484371511239569, 0.026403223813153583], "simple_reward": [0.09573762699429066, 0.04926035674474403], "cumul_reward": [4.107145247046504e-05, 0.022490474185603303], "percent_arms_correct": [0.3835905637744902, 0.2056766917623587]}, "Linear Rho 0": {"simple_regret": [0.04187705387162683, 0.02485026177350503], "cumul_regret": [0.10953409679588534, 0.01887400789098745], "simple_reward": [0.10648804329485945, 0.04696508940661508], "cumul_reward": [0.03894412586633501, 0.028273293572078483], "percent_arms_correct": [0.4400719712115154, 0.20482952122427758]}, "Linear Rho 01": {"simple_regret": [0.042155929731714524, 0.025239404792018715], "cumul_regret": [0.09765661259530718, 0.01727258568594483], "simple_reward": [0.10620916751058601, 0.04710853907409729], "cumul_reward": [0.05082160997458176, 0.031100045424812917], "percent_arms_correct": [0.4400999600159936, 0.2054527334296843]}, "Linear Rho 02": {"simple_regret": [0.04285587292419272, 0.025473088067562898], "cumul_regret": [0.09243918221102419, 0.017982540954659867], "simple_reward": [0.1055092242676154, 0.046915002251288626], "cumul_reward": [0.05603904041499231, 0.03274311669898991], "percent_arms_correct": [0.43505797680927627, 0.20714015501543184]}, "Linear Rho 03": {"simple_regret": [0.04297636070775419, 0.0256825835808583], "cumul_regret": [0.0888874381276608, 0.01859094840961586], "simple_reward": [0.10538873668445552, 0.046710534536930505], "cumul_reward": [0.059590784451767465, 0.03403353775502516], "percent_arms_correct": [0.43552578968412636, 0.20660449962892719]}, "Linear Rho 04": {"simple_regret": [0.04426639043640007, 0.026629028335575112], "cumul_regret": [0.08683936533474194, 0.01945165291693551], "simple_reward": [0.10409870701347908, 0.047020535988957626], "cumul_reward": [0.061638857400637195, 0.035037094520778536], "percent_arms_correct": [0.42858856457417027, 0.21037401019021654]}, "Linear Rho 05": {"simple_regret": [0.04556666241736426, 0.02766756784699343], "cumul_regret": [0.08602624245426256, 0.020611198074288573], "simple_reward": [0.10279843489311528, 0.0472921748541513], "cumul_reward": [0.06245198016492205, 0.03603817139680392], "percent_arms_correct": [0.4180887644942023, 0.21237284390378589]}, "Linear Rho 06": {"simple_regret": [0.046602710382361225, 0.028809821037194903], "cumul_regret": [0.08538761045419756, 0.022587520511465186], "simple_reward": [0.10176238700434131, 0.0473122558165059], "cumul_reward": [0.06309061213436193, 0.03686187487728134], "percent_arms_correct": [0.4146741303478608, 0.21347944719982462]}, "Linear Rho 07": {"simple_regret": [0.04762784401193166, 0.029062401617096965], "cumul_regret": [0.08521273298038602, 0.023935977827625306], "simple_reward": [0.10073725324603211, 0.04744589622051915], "cumul_reward": [0.06326548963279165, 0.0378878547670917], "percent_arms_correct": [0.40780087964814077, 0.21352518524364422]}, "Linear Rho 08": {"simple_regret": [0.049460270468228276, 0.029616443035097206], "cumul_regret": [0.08583638376970795, 0.025287326800735657], "simple_reward": [0.09890482698285093, 0.04761916849397257], "cumul_reward": [0.06264183872329476, 0.03892285937371027], "percent_arms_correct": [0.396421431427429, 0.21291832950334452]}, "Linear Rho 09": {"simple_regret": [0.052252502430968434, 0.0316713644743922], "cumul_regret": [0.08675813759050675, 0.02700426530393038], "simple_reward": [0.09611259463696659, 0.0483495119347548], "cumul_reward": [0.06172008502428333, 0.03997132555104763], "percent_arms_correct": [0.38213514594162334, 0.21923314999936766]}, "Linear Rho 1": {"simple_regret": [0.05341737146494163, 0.03224719671190032], "cumul_regret": [0.08723248500204342, 0.028282735700987497], "simple_reward": [0.09494772583213369, 0.0481666487580708], "cumul_reward": [0.06124573764658746, 0.04084392067509167], "percent_arms_correct": [0.37752898840463817, 0.21642281793952853]}, "Linear TS 01": {"simple_regret": [0.047566916167334626, 0.027414655556699256], "cumul_regret": [0.12977890847463078, 0.02105641517451954], "simple_reward": [0.10079818105204999, 0.04806786336735104], "cumul_reward": [0.018699314157835534, 0.024787992791919688], "percent_arms_correct": [0.4106677329068372, 0.20903520198318506]}, "Linear TS 02": {"simple_regret": [0.047416996865643886, 0.02709952800442479], "cumul_regret": [0.12932135277792292, 0.020828976596858787], "simple_reward": [0.10094810047935027, 0.047871363893182625], "cumul_reward": [0.01915686986352785, 0.02493681270868599], "percent_arms_correct": [0.4106357457017193, 0.20792157923719393]}, "Linear TS 03": {"simple_regret": [0.04735376646013104, 0.027195134411701762], "cumul_regret": [0.1288657064100162, 0.02060685181894021], "simple_reward": [0.10101133088112367, 0.04803313181120471], "cumul_reward": [0.019612516148861326, 0.025095588028895686], "percent_arms_correct": [0.4109036385445822, 0.2079818274141803]}, "Linear TS 04": {"simple_regret": [0.04760795151220872, 0.027306104617806123], "cumul_regret": [0.1283805213144711, 0.020404473810758703], "simple_reward": [0.10075714593673221, 0.04805991653203432], "cumul_reward": [0.02009770118076419, 0.025287920066263677], "percent_arms_correct": [0.4090683726509396, 0.2088221469281733]}, "Linear TS 05": {"simple_regret": [0.04749596425898519, 0.027293044479649066], "cumul_regret": [0.12783868852369742, 0.020133343953699978], "simple_reward": [0.10086913304781855, 0.04809898855754897], "cumul_reward": [0.02063953404803375, 0.025479835292820385], "percent_arms_correct": [0.40957217113154737, 0.20917560831798296]}, "Linear TS 06": {"simple_regret": [0.04728341426812813, 0.027264737152101464], "cumul_regret": [0.1272983498603213, 0.01991806250612817], "simple_reward": [0.10108168296244244, 0.04799849095265974], "cumul_reward": [0.02117987270442488, 0.025711290631936203], "percent_arms_correct": [0.4103478608556577, 0.2086938851268683]}, "Linear TS 07": {"simple_regret": [0.047287493569181355, 0.027406290322302167], "cumul_regret": [0.1267851052374565, 0.019722044038811955], "simple_reward": [0.1010776034789346, 0.04791896948629395], "cumul_reward": [0.0216931173312629, 0.025960147595535887], "percent_arms_correct": [0.4118392642942823, 0.20915696760772512]}, "Linear TS 08": {"simple_regret": [0.047515642161841176, 0.027447525644952824], "cumul_regret": [0.12628566941431835, 0.019543184747996826], "simple_reward": [0.10084945514314722, 0.04798036185735858], "cumul_reward": [0.022192553138741973, 0.02622186284664825], "percent_arms_correct": [0.4110315873650541, 0.20879285816040677]}, "Linear TS 09": {"simple_regret": [0.04709632368665226, 0.027235637641380102], "cumul_regret": [0.1257541137298004, 0.019388153050473377], "simple_reward": [0.10126877343207627, 0.047922873520485965], "cumul_reward": [0.022724108879223055, 0.026468677379113157], "percent_arms_correct": [0.4129588164734106, 0.209112961365369]}, "Linear TS 1": {"simple_regret": [0.047048620087876976, 0.027366889965594717], "cumul_regret": [0.12519160582721592, 0.019267071888094487], "simple_reward": [0.10131647742983353, 0.048045522758171894], "cumul_reward": [0.02328661676388263, 0.026792670458206727], "percent_arms_correct": [0.413030787684926, 0.2099934564481448]}, "context_len": 5, "n_days": 5, "n_arms": 10, "batch_size": 100, "s2": 0.2, "device": "cuda:0", "scaling": 0.001}