{"1": {"Uniform": {"simple_regret": [0.0915817068110376, 0.047274451482977466], "cumul_regret": [0.14814401773590252, 0.02841775460087962], "percent_arms_correct": [0.2297840431913617, 0.19462470962806797]}, "TS": {"simple_regret": [0.09124732112255557, 0.04685224000176599], "cumul_regret": [0.14824142562546888, 0.02814949614120093], "percent_arms_correct": [0.2321375724855029, 0.19340085080528355]}, "Top Two TS": {"simple_regret": [0.09117932514140598, 0.046575437096975855], "cumul_regret": [0.14822988279001448, 0.02814966846566723], "percent_arms_correct": [0.23148570285942813, 0.19258731596524406]}, "RHO": {"simple_regret": [0.09123953014327829, 0.04672183097361401], "cumul_regret": [0.14828709649267352, 0.028698069507763047], "percent_arms_correct": [0.23186362727454513, 0.19383243277728568]}, "context_len": 5, "n_days": 1, "n_arms": 10, "batch_size": 100, "s2": 0.2, "device": "cuda:0", "scaling": 0.001}, "2": {"Uniform": {"simple_regret": [0.07548814633857646, 0.040861965212559546], "cumul_regret": [0.14877073194737006, 0.027581844001456902], "percent_arms_correct": [0.2898000399920016, 0.2076139188497206]}, "TS": {"simple_regret": [0.07293942081262453, 0.040651779664242965], "cumul_regret": [0.14265418856281253, 0.025771215170163057], "percent_arms_correct": [0.29701859628074384, 0.21243188083079836]}, "Top Two TS": {"simple_regret": [0.07301179114793414, 0.04061451685070639], "cumul_regret": [0.14307342981444768, 0.02588899933954066], "percent_arms_correct": [0.29682263547290544, 0.21230927273690822]}, "RHO": {"simple_regret": [0.06680352242537427, 0.03849223354307905], "cumul_regret": [0.13165641850997653, 0.02445022142631367], "percent_arms_correct": [0.3227414517096581, 0.2162232005241878]}, "context_len": 5, "n_days": 2, "n_arms": 10, "batch_size": 100, "s2": 0.2, "device": "cuda:0", "scaling": 0.001}, "3": {"Uniform": {"simple_regret": [0.06596047305773889, 0.036606207202773265], "cumul_regret": [0.14803641445158577, 0.026961874912011425], "percent_arms_correct": [0.32373525294941013, 0.21088705608665512]}, "TS": {"simple_regret": [0.061699139464730754, 0.03527054637404764], "cumul_regret": [0.1362658096514014, 0.02338990331316453], "percent_arms_correct": [0.3426594681063787, 0.2135409231732014]}, "Top Two TS": {"simple_regret": [0.06187886579865968, 0.035139269767090066], "cumul_regret": [0.13722937661884532, 0.023689999517007274], "percent_arms_correct": [0.34133373325334937, 0.2128144327889426]}, "RHO": {"simple_regret": [0.055032289381668986, 0.03204279334930511], "cumul_regret": [0.12075152921306066, 0.02155865460156915], "percent_arms_correct": [0.3720655868826235, 0.21667580117986668]}, "context_len": 5, "n_days": 3, "n_arms": 10, "batch_size": 100, "s2": 0.2, "device": "cuda:0", "scaling": 0.001}, "4": {"Uniform": {"simple_regret": [0.05883527474757787, 0.03281756255653968], "cumul_regret": [0.14798168946445656, 0.027028521092967724], "percent_arms_correct": [0.3534013197360528, 0.20511059124123765]}, "TS": {"simple_regret": [0.053417538024445634, 0.03022166712590876], "cumul_regret": [0.1308543553083861, 0.02149049870682921], "percent_arms_correct": [0.3778464307138572, 0.20907433796618477]}, "Top Two TS": {"simple_regret": [0.053463871953843195, 0.030069918767512586], "cumul_regret": [0.13253576446017684, 0.0220904239277357], "percent_arms_correct": [0.3779264147170566, 0.20799602619939694]}, "RHO": {"simple_regret": [0.04795933896610992, 0.02766423856763], "cumul_regret": [0.11435232289344775, 0.019788917522725803], "percent_arms_correct": [0.40560687862427514, 0.20868667087132134]}, "context_len": 5, "n_days": 4, "n_arms": 10, "batch_size": 100, "s2": 0.2, "device": "cuda:0", "scaling": 0.001}, "5": {"Uniform": {"simple_regret": [0.053196125301418665, 0.030021819430718567], "cumul_regret": [0.14815913275036185, 0.026449336405307913], "percent_arms_correct": [0.37963207358528295, 0.20446002988925469]}, "TS": {"simple_regret": [0.04756036992336593, 0.02764732729030752], "cumul_regret": [0.12526308558024637, 0.019519160926850094], "percent_arms_correct": [0.4099840031993601, 0.21027096083068023]}, "Top Two TS": {"simple_regret": [0.04788865529765129, 0.027480722217846296], "cumul_regret": [0.12784243727807187, 0.02035515828052657], "percent_arms_correct": [0.4080583883223355, 0.20807553989852137]}, "RHO": {"simple_regret": [0.04222868338741352, 0.024977504473984186], "cumul_regret": [0.10970146416875869, 0.01889672534580014], "percent_arms_correct": [0.4382423515296941, 0.2049930867635907]}, "context_len": 5, "n_days": 5, "n_arms": 10, "batch_size": 100, "s2": 0.2, "device": "cuda:0", "scaling": 0.001}, "6": {"Uniform": {"simple_regret": [0.049607514469242595, 0.02834803883551087], "cumul_regret": [0.14817980619009985, 0.02585266013539165], "percent_arms_correct": [0.39830433913217356, 0.20520989727296393]}, "TS": {"simple_regret": [0.04363856739905555, 0.024823145522591752], "cumul_regret": [0.12057206334486244, 0.017670054589166415], "percent_arms_correct": [0.42955808838232357, 0.20224115401715187]}, "Top Two TS": {"simple_regret": [0.043939271156809824, 0.025009205852755956], "cumul_regret": [0.12400485970932075, 0.01868928238595629], "percent_arms_correct": [0.4288862227554489, 0.2030576587316904]}, "RHO": {"simple_regret": [0.038396908748285316, 0.02277084660402503], "cumul_regret": [0.10650680910489024, 0.017776837086003798], "percent_arms_correct": [0.46146570685862826, 0.19730232039339712]}, "context_len": 5, "n_days": 6, "n_arms": 10, "batch_size": 100, "s2": 0.2, "device": "cuda:0", "scaling": 0.001}, "7": {"Uniform": {"simple_regret": [0.04645075998513445, 0.025791722512799885], "cumul_regret": [0.1477568675744883, 0.026810882947311373], "percent_arms_correct": [0.4126934613077385, 0.19934897996246317]}, "TS": {"simple_regret": [0.04064864342754483, 0.023010471531041753], "cumul_regret": [0.11600240450645605, 0.017002204355693964], "percent_arms_correct": [0.44525094981003793, 0.19897764595772938]}, "Top Two TS": {"simple_regret": [0.040659223521393485, 0.022841667273457825], "cumul_regret": [0.12015179839820248, 0.018335845523967866], "percent_arms_correct": [0.4455548890221956, 0.19784455651567495]}, "RHO": {"simple_regret": [0.03490686065543345, 0.019909973985545698], "cumul_regret": [0.10351379792875529, 0.016937822435290614], "percent_arms_correct": [0.48196960607878425, 0.19285274548146014]}, "context_len": 5, "n_days": 7, "n_arms": 10, "batch_size": 100, "s2": 0.2, "device": "cuda:0", "scaling": 0.001}, "8": {"Uniform": {"simple_regret": [0.04375769811571319, 0.024621575843925894], "cumul_regret": [0.14776112293290827, 0.026067311002760444], "percent_arms_correct": [0.4290461907618476, 0.19716362587179567]}, "TS": {"simple_regret": [0.03748422261629007, 0.020946362619197127], "cumul_regret": [0.11211770350395925, 0.015916491515958076], "percent_arms_correct": [0.46662667466506697, 0.19228968598355142]}, "Top Two TS": {"simple_regret": [0.03743842847343036, 0.02069809444867896], "cumul_regret": [0.11707809534405449, 0.017170582123962875], "percent_arms_correct": [0.467252549490102, 0.190347586181926]}, "RHO": {"simple_regret": [0.03261738058319846, 0.018656479216714646], "cumul_regret": [0.1018204607705086, 0.016841050019451242], "percent_arms_correct": [0.4991461707658467, 0.18594014112777668]}, "context_len": 5, "n_days": 8, "n_arms": 10, "batch_size": 100, "s2": 0.2, "device": "cuda:0", "scaling": 0.001}, "9": {"Uniform": {"simple_regret": [0.04100824983154194, 0.022734441877402384], "cumul_regret": [0.14782743561248307, 0.026340913122845946], "percent_arms_correct": [0.4447691575440267, 0.19448636639045042]}, "TS": {}, "Top Two TS": {}, "RHO": {}, "context_len": 5, "n_days": 9, "n_arms": 10, "batch_size": 100, "s2": 0.2, "device": "cuda:0", "scaling": 0.001}, "10": {}}