{"5": {"Linear Uniform": {"simple_regret": [0.009184179360682164, 0.0059010203984758884], "cumul_regret": [0.06013340155834892, 0.01680186280454868], "percent_arms_correct": [0.6772807991120977, 0.10770246122057063]}, "Linear Rho 0": {"simple_regret": [0.008754654732826357, 0.0056095485519074275], "cumul_regret": [0.05650542662019007, 0.017946029803050344], "percent_arms_correct": [0.6830965593784684, 0.10654320534531635]}, "Linear TS 01": {"simple_regret": [0.009109900936899866, 0.005766070563182054], "cumul_regret": [0.046136579118445764, 0.010593720521486355], "percent_arms_correct": [0.6789234184239734, 0.10660462346720796]}, "context_len": 10, "n_days": 5, "n_arms": 5, "n_items": 4, "total_items": 10, "batch_size": 100, "s2": 0.2, "device": "cuda:1", "scaling": 0.0002}, "10": {"Linear Uniform": {"simple_regret": [0.01188948489730758, 0.00696414136538923], "cumul_regret": [0.07806107965230809, 0.021141320879515618], "percent_arms_correct": [0.5937513873473917, 0.12031829923459555]}, "Linear Rho 0": {"simple_regret": [0.010884431003826514, 0.006573698798157152], "cumul_regret": [0.07096302081912459, 0.02023395273484724], "percent_arms_correct": [0.6088457269700333, 0.11701712385977447]}, "Linear TS 01": {"simple_regret": [0.012060817284545071, 0.0070955924222220555], "cumul_regret": [0.056738260140710754, 0.01173613571127827], "percent_arms_correct": [0.5949167591564928, 0.11867806253525458]}, "context_len": 10, "n_days": 5, "n_arms": 10, "n_items": 4, "total_items": 10, "batch_size": 100, "s2": 0.2, "device": "cuda:1", "scaling": 0.0002}, "25": {"Linear Uniform": {"simple_regret": [0.014580642959034768, 0.00828206393676741], "cumul_regret": [0.09573799734366654, 0.02611949418947057], "percent_arms_correct": [0.5058046614872365, 0.12945005173394028]}, "Linear Rho 0": {"simple_regret": [0.013653994950576459, 0.00768230740131722], "cumul_regret": [0.0848985625540509, 0.02398185924592296], "percent_arms_correct": [0.5201442841287458, 0.12547481957533152]}, "Linear TS 01": {"simple_regret": [0.01498585426960281, 0.008308544065670328], "cumul_regret": [0.06686132704791563, 0.013205484529510838], "percent_arms_correct": [0.5072475027746948, 0.12683360509607142]}, "context_len": 10, "n_days": 5, "n_arms": 25, "n_items": 4, "total_items": 10, "batch_size": 100, "s2": 0.2, "device": "cuda:1", "scaling": 0.0002}, "50": {"Linear Uniform": {"simple_regret": [0.016538666314783956, 0.009003914604829358], "cumul_regret": [0.10535806382279615, 0.029777661181490913], "percent_arms_correct": [0.444661487236404, 0.1305211178800599]}, "Linear Rho 0": {"simple_regret": [0.014973920881494953, 0.008265210272920102], "cumul_regret": [0.09331605632217822, 0.027668552175300263], "percent_arms_correct": [0.4653718091009989, 0.12839399184113054]}, "Linear TS 01": {"simple_regret": [0.016907749367830294, 0.009262726666539127], "cumul_regret": [0.0730088051648337, 0.014222896738506593], "percent_arms_correct": [0.44890122086570483, 0.12774320543845138]}, "context_len": 10, "n_days": 5, "n_arms": 50, "n_items": 4, "total_items": 10, "batch_size": 100, "s2": 0.2, "device": "cuda:1", "scaling": 0.0002}}