{"1": {"Uniform": {"simple_regret": [0.03285685240225939, 0.018079034271164734], "cumul_regret": [0.07747797900552424, 0.021704177579909667], "percent_arms_correct": [0.4023529411764706, 0.13787434870874288]}, "RHO": {"simple_regret": [0.03285685240225939, 0.018079034271164734], "cumul_regret": [0.07747797900552424, 0.021704177579909667], "percent_arms_correct": [0.4023529411764706, 0.13787434870874288]}, "TS ": {"simple_regret": [0.03285685240225939, 0.018079034271164734], "cumul_regret": [0.07747797900552424, 0.021704177579909667], "percent_arms_correct": [0.4023529411764706, 0.13787434870874288]}, "Top Two TS": {"simple_regret": [0.03285685240225939, 0.018079034271164734], "cumul_regret": [0.07747797900552424, 0.021704177579909667], "percent_arms_correct": [0.4023529411764706, 0.13787434870874288]}, "context_len": 10, "n_days": 1, "n_arms": 10, "n_items": 4, "total_items": 10, "batch_size": 100, "s2": 0.2, "device": "cuda:1", "scaling": 0.0002}, "2": {"Uniform": {"simple_regret": [0.02237512047126575, 0.012684729775267247], "cumul_regret": [0.07862134684563576, 0.021782894560274668], "percent_arms_correct": [0.48270810210876797, 0.13300251694085427]}, "RHO": {"simple_regret": [0.02016408217269266, 0.011548885121598924], "cumul_regret": [0.07591021335068739, 0.02181850329932317], "percent_arms_correct": [0.5016204217536071, 0.13307693978521154]}, "TS ": {"simple_regret": [0.021412373978601195, 0.011852818578459249], "cumul_regret": [0.06956950312151629, 0.016816623817951223], "percent_arms_correct": [0.4929744728079911, 0.13137127202348445]}, "Top Two TS": {"simple_regret": [0.021508998937334257, 0.01186636786711481], "cumul_regret": [0.0713072328287674, 0.017648113210275866], "percent_arms_correct": [0.4910321864594895, 0.1324143601805025]}, "context_len": 10, "n_days": 2, "n_arms": 10, "n_items": 4, "total_items": 10, "batch_size": 100, "s2": 0.2, "device": "cuda:1", "scaling": 0.0002}, "3": {"Uniform": {"simple_regret": [0.016629383714957997, 0.009564169022818404], "cumul_regret": [0.07818548623134793, 0.020907152779030075], "percent_arms_correct": [0.539023307436182, 0.12664605659909797]}, "RHO": {"simple_regret": [0.015963492353113944, 0.008940149614461058], "cumul_regret": [0.07345641359529737, 0.020933782303782858], "percent_arms_correct": [0.5461043285238624, 0.1278414068194616]}, "TS ": {"simple_regret": [0.017270234020785546, 0.010059687721162459], "cumul_regret": [0.062096775652061356, 0.014237185217903767], "percent_arms_correct": [0.5319311875693673, 0.128835128246914]}, "Top Two TS": {"simple_regret": [0.016964567361087368, 0.00988038230960016], "cumul_regret": [0.06481174199938046, 0.014978940821678945], "percent_arms_correct": [0.5341620421753608, 0.13039720902654187]}, "context_len": 10, "n_days": 3, "n_arms": 10, "n_items": 4, "total_items": 10, "batch_size": 100, "s2": 0.2, "device": "cuda:1", "scaling": 0.0002}, "4": {"Uniform": {"simple_regret": [0.013500301417384036, 0.007617023867266999], "cumul_regret": [0.07845285668200115, 0.02081443864101635], "percent_arms_correct": [0.5713318534961154, 0.11925221025742683]}, "RHO": {"simple_regret": [0.01277941693828341, 0.007731088722347418], "cumul_regret": [0.07242213590608106, 0.020625639313148734], "percent_arms_correct": [0.5833407325194228, 0.12466356231138614]}, "TS ": {"simple_regret": [0.014152817802940941, 0.008447813002664412], "cumul_regret": [0.05662392759742164, 0.011848203590728945], "percent_arms_correct": [0.5692341842397336, 0.12524768618058743]}, "Top Two TS": {"simple_regret": [0.014057401475443874, 0.008384482595438076], "cumul_regret": [0.06052443033474995, 0.013170260403565786], "percent_arms_correct": [0.5687902330743618, 0.12654892213579047]}, "context_len": 10, "n_days": 4, "n_arms": 10, "n_items": 4, "total_items": 10, "batch_size": 100, "s2": 0.2, "device": "cuda:1", "scaling": 0.0002}, "5": {"Uniform": {"simple_regret": [0.011889484835805146, 0.00696414143580007], "cumul_regret": [0.07806107963742347, 0.02114132079136234], "percent_arms_correct": [0.5943174250832408, 0.11932433355191864]}, "RHO": {"simple_regret": [0.010848485862889992, 0.006621057396468827], "cumul_regret": [0.07118182748258443, 0.02067056187287857], "percent_arms_correct": [0.6117425083240844, 0.11607225476498564]}, "TS ": {"simple_regret": [0.011845879274620452, 0.0071845468278881625], "cumul_regret": [0.051837657236149914, 0.010273036298822315], "percent_arms_correct": [0.6000110987791342, 0.11774848516719882]}, "Top Two TS": {"simple_regret": [0.012082499901316523, 0.007272373788456387], "cumul_regret": [0.05678753689692234, 0.011835682276147877], "percent_arms_correct": [0.594173140954495, 0.11968006272557172]}, "context_len": 10, "n_days": 5, "n_arms": 10, "n_items": 4, "total_items": 10, "batch_size": 100, "s2": 0.2, "device": "cuda:1", "scaling": 0.0002}, "6": {"Uniform": {"simple_regret": [0.01030178658942538, 0.006136873106547601], "cumul_regret": [0.07819599444559999, 0.02069189193746723], "percent_arms_correct": [0.6167924528301887, 0.11211828911132699]}, "RHO": {"simple_regret": [0.009619573238186878, 0.0059125054250084635], "cumul_regret": [0.06927263322677372, 0.01949735224223904], "percent_arms_correct": [0.6292008879023309, 0.11505644341471148]}, "TS ": {"simple_regret": [0.010960123502622493, 0.00660168875109665], "cumul_regret": [0.04846303327914563, 0.009625199349460661], "percent_arms_correct": [0.6128079911209767, 0.11729089492194816]}, "Top Two TS": {"simple_regret": [0.010864359096155712, 0.006259518182222808], "cumul_regret": [0.05412570704353537, 0.010859134889929725], "percent_arms_correct": [0.6134517203107659, 0.11544329053456925]}, "context_len": 10, "n_days": 6, "n_arms": 10, "n_items": 4, "total_items": 10, "batch_size": 100, "s2": 0.2, "device": "cuda:1", "scaling": 0.0002}, "7": {"Uniform": {"simple_regret": [0.009224508770149239, 0.0059479343308534004], "cumul_regret": [0.0782525142725951, 0.02066901609080669], "percent_arms_correct": [0.6353607103218646, 0.11357478464986617]}, "RHO": {"simple_regret": [0.008455605438192551, 0.005437322116843582], "cumul_regret": [0.06897925069449026, 0.01941072357542225], "percent_arms_correct": [0.6473473917869035, 0.11044537154566927]}, "TS ": {"simple_regret": [0.009541178604023409, 0.005706394080974048], "cumul_regret": [0.044441456352606414, 0.00832793187525692], "percent_arms_correct": [0.6322419533851276, 0.11515598288007718]}, "Top Two TS": {"simple_regret": [0.009632999089132522, 0.005780377392672705], "cumul_regret": [0.05120249615519393, 0.010271554286636788], "percent_arms_correct": [0.6308879023307437, 0.11481051163911861]}, "context_len": 10, "n_days": 7, "n_arms": 10, "n_items": 4, "total_items": 10, "batch_size": 100, "s2": 0.2, "device": "cuda:1", "scaling": 0.0002}, "8": {"Uniform": {"simple_regret": [0.008875055406314964, 0.0053378851092900515], "cumul_regret": [0.07855571891578095, 0.020515619054838806], "percent_arms_correct": [0.6412652608213096, 0.11171827975677577]}, "RHO": {"simple_regret": [0.0075612819686270505, 0.004864253393104967], "cumul_regret": [0.06851960048177688, 0.019869544687450426], "percent_arms_correct": [0.6635849056603774, 0.10882237538164494]}, "TS ": {"simple_regret": [0.008883599353251052, 0.005229779463199239], "cumul_regret": [0.04198872502310487, 0.00797909021433934], "percent_arms_correct": [0.643196448390677, 0.108134182216516]}, "Top Two TS": {"simple_regret": [0.008982411139015704, 0.0053489658767256155], "cumul_regret": [0.04925758152741207, 0.009745101721678018], "percent_arms_correct": [0.6421198668146505, 0.11050911872411674]}, "context_len": 10, "n_days": 8, "n_arms": 10, "n_items": 4, "total_items": 10, "batch_size": 100, "s2": 0.2, "device": "cuda:1", "scaling": 0.0002}, "9": {"Uniform": {"simple_regret": [0.008079441168222635, 0.004993200830894048], "cumul_regret": [0.07814572263935819, 0.020736341532960834], "percent_arms_correct": [0.6550943396226415, 0.10667259326752873]}, "RHO": {"simple_regret": [0.006874557669865242, 0.004429794630946865],