{"1": {"Linear Uniform": {"simple_regret": [0.013128212886518498, 0.007108674071949098], "cumul_regret": [0.03856185007366745, 0.010590533132007373], "percent_arms_correct": [0.5826135216952574, 0.12517003965911194]}, "Linear Rho 0": {"simple_regret": [0.011277468902950281, 0.0063448782703664506], "cumul_regret": [0.03704611034095889, 0.010809384694970597], "percent_arms_correct": [0.6117255297679113, 0.1226726808368932]}, "Linear TS 01": {"simple_regret": [0.012784500340165197, 0.00723386425695989], "cumul_regret": [0.03532581868215899, 0.008238643280646562], "percent_arms_correct": [0.5874167507568112, 0.12832612843489527]}, "context_len": 10, "n_days": 5, "n_arms": 10, "n_items": 1, "total_items": 10, "batch_size": 100, "s2": 0.2, "device": "cuda:0", "scaling": 0.0002}, "2": {"Linear Uniform": {"simple_regret": [0.01343712190285468, 0.007634851547390618], "cumul_regret": [0.058936396795658604, 0.016012250777889345], "percent_arms_correct": [0.5844197780020183, 0.12237657293279684]}, "Linear Rho 0": {"simple_regret": [0.011750361171558567, 0.006612249343100365], "cumul_regret": [0.055142166234146875, 0.016464918886585935], "percent_arms_correct": [0.6096266397578204, 0.12102973030320188]}, "Linear TS 01": {"simple_regret": [0.013562682767019925, 0.007739152738790104], "cumul_regret": [0.0489852620098894, 0.010733868289993377], "percent_arms_correct": [0.5838546922300707, 0.12901581609596283]}, "context_len": 10, "n_days": 5, "n_arms": 10, "n_items": 2, "total_items": 10, "batch_size": 100, "s2": 0.2, "device": "cuda:0", "scaling": 0.0002}, "3": {"Linear Uniform": {"simple_regret": [0.012788245832427958, 0.007100668592137295], "cumul_regret": [0.07126766487234296, 0.01934227465221577], "percent_arms_correct": [0.5752774974772956, 0.11771323776577321]}, "Linear Rho 0": {"simple_regret": [0.011860965084851115, 0.007215086549162309], "cumul_regret": [0.06551366084218627, 0.018344594660655276], "percent_arms_correct": [0.5906962663975782, 0.12237813220244004]}, "Linear TS 01": {"simple_regret": [0.012829592671714287, 0.00751412952204896], "cumul_regret": [0.05487556184720019, 0.012085394653651224], "percent_arms_correct": [0.5778607467204844, 0.11884010908270205]}, "context_len": 10, "n_days": 5, "n_arms": 10, "n_items": 3, "total_items": 10, "batch_size": 100, "s2": 0.2, "device": "cuda:0", "scaling": 0.0002}, "4": {"Linear Uniform": {"simple_regret": [0.011999074128967654, 0.007133782009245081], "cumul_regret": [0.07806102553031037, 0.021200185637110132], "percent_arms_correct": [0.5924318869828457, 0.12148525489450307]}, "Linear Rho 0": {"simple_regret": [0.010955201447462076, 0.006655789109379525], "cumul_regret": [0.07090485725254873, 0.02032531901912993], "percent_arms_correct": [0.6084359233097881, 0.11809655732833799]}, "Linear TS 01": {"simple_regret": [0.012031339711915983, 0.007198454241790352], "cumul_regret": [0.05687512002629721, 0.011886526097167248], "percent_arms_correct": [0.5958728557013118, 0.11935759759965521]}, "context_len": 10, "n_days": 5, "n_arms": 10, "n_items": 4, "total_items": 10, "batch_size": 100, "s2": 0.2, "device": "cuda:0", "scaling": 0.0002}, "5": {"Linear Uniform": {"simple_regret": [0.010716659544476549, 0.00645933190129459], "cumul_regret": [0.08035604062741086, 0.021763998036975204], "percent_arms_correct": [0.6169929364278507, 0.11496429907195076]}, "Linear Rho 0": {"simple_regret": [0.010139348208408533, 0.006056723777622014], "cumul_regret": [0.07207722255074833, 0.020404645359124382], "percent_arms_correct": [0.6277194752774974, 0.1151809264877056]}, "Linear TS 01": {"simple_regret": [0.010878306621411678, 0.006375739981441067], "cumul_regret": [0.055971873926391635, 0.011609019242418181], "percent_arms_correct": [0.6152472250252271, 0.11397467467855109]}, "context_len": 10, "n_days": 5, "n_arms": 10, "n_items": 5, "total_items": 10, "batch_size": 100, "s2": 0.2, "device": "cuda:0", "scaling": 0.0002}, "6": {"Linear Uniform": {"simple_regret": [0.00949965297433855, 0.005859379544857718], "cumul_regret": [0.07822636838224233, 0.021198780525654895], "percent_arms_correct": [0.6300504540867812, 0.11259572663383577]}, "Linear Rho 0": {"simple_regret": [0.008519226282822789, 0.005294339686198405], "cumul_regret": [0.0698344357480886, 0.0201958541263628], "percent_arms_correct": [0.6447426841574168, 0.10988072326191338]}, "Linear TS 01": {"simple_regret": [0.009535335072346302, 0.005942797450242695], "cumul_regret": [0.05244300856802887, 0.010747640267033386], "percent_arms_correct": [0.6308072653884966, 0.113070859915129]}, "context_len": 10, "n_days": 5, "n_arms": 10, "n_items": 6, "total_items": 10, "batch_size": 100, "s2": 0.2, "device": "cuda:0", "scaling": 0.0002}, "7": {"Linear Uniform": {"simple_regret": [0.007992212378544339, 0.005096908064805279], "cumul_regret": [0.07132211419538521, 0.019333463387368098], "percent_arms_correct": [0.6378708375378406, 0.11216252203543296]}, "Linear Rho 0": {"simple_regret": [0.007341238772120081, 0.004334412413778547], "cumul_regret": [0.06353263656912309, 0.01888030403909187], "percent_arms_correct": [0.6494450050454086, 0.10370918526704256]}, "Linear TS 01": {"simple_regret": [0.007980828775916677, 0.005159342939114508], "cumul_regret": [0.04662516187917813, 0.009524279607541276], "percent_arms_correct": [0.643289606458123, 0.10593715119339993]}, "context_len": 10, "n_days": 5, "n_arms": 10, "n_items": 7, "total_items": 10, "batch_size": 100, "s2": 0.2, "device": "cuda:0", "scaling": 0.0002}, "8": {"Linear Uniform": {"simple_regret": [0.0060278456401153665, 0.0038799619898614883], "cumul_regret": [0.059009099906962646, 0.01608457362443253], "percent_arms_correct": [0.6482946518668012, 0.10241000066290834]}, "Linear Rho 0": {"simple_regret": [0.005789849432592628, 0.0037607171034652574], "cumul_regret": [0.05255461562966211, 0.015135865183758075], "percent_arms_correct": [0.6541876892028253, 0.09822912880361881]}, "Linear TS 01": {"simple_regret": [0.006052732401778621, 0.0038219664842744265], "cumul_regret": [0.037725566756487736, 0.0077363024699459325], "percent_arms_correct": [0.6476084762865792, 0.10365389163976335]}, "context_len": 10, "n_days": 5, "n_arms": 10, "n_items": 8, "total_items": 10, "batch_size": 100, "s2": 0.2, "device": "cuda:0", "scaling": 0.0002}}