{"Linear Uniform": {"simple_regret": [0.011979090586350254, 0.007128129699145328], "cumul_regret": [0.07810496472633564, 0.021193972175838044], "simple_reward": [0.06398620193208848, 0.1960683169247794], "cumul_reward": [-0.0011045105829905896, 0.20164424437717998], "percent_arms_correct": [0.5928771228771229, 0.12173370441797358]}, "Linear Rho 01": {"simple_regret": [0.010948784996292087, 0.006652069500579319], "cumul_regret": [0.07099953274299334, 0.020358019572236145], "simple_reward": [0.06618366210249724, 0.19557441671540104], "cumul_reward": [0.007158583786853292, 0.20550085871796697], "percent_arms_correct": [0.6088611388611389, 0.11805830735008584]}, "Linear Rho 10": {"simple_regret": [0.012485868182148668, 0.0072514400143817], "cumul_regret": [0.033663962160532065, 0.008806634707057908], "simple_reward": [0.06464657917049599, 0.19484047983423664], "cumul_reward": [0.04449415448940821, 0.196609421480896], "percent_arms_correct": [0.5906993006993007, 0.1213523139680702]}, "Linear Rho 11": {"simple_regret": [0.012301475575882717, 0.007003753741020605], "cumul_regret": [0.033803809876204814, 0.008816487709255878], "simple_reward": [0.06483097174312154, 0.1949222966245703], "cumul_reward": [0.044354306931569214, 0.19728763400662777], "percent_arms_correct": [0.5924175824175824, 0.1209715476267632]}, "Linear Rho 12": {"simple_regret": [0.012064127876961997, 0.006880377539018647], "cumul_regret": [0.03426493213081232, 0.009035092765509642], "simple_reward": [0.06506831931439772, 0.19498176347227553], "cumul_reward": [0.04389318447855559, 0.1978897114402915], "percent_arms_correct": [0.5963936063936064, 0.12014926164570014]}, "Linear Rho 15": {"simple_regret": [0.011802377389649954, 0.006767780829388693], "cumul_regret": [0.03585507888198047, 0.00949419481424995], "simple_reward": [0.06533006963882208, 0.1949206078813451], "cumul_reward": [0.042303037606389204, 0.1989360972363347], "percent_arms_correct": [0.5988611388611389, 0.1176140664617631]}, "Linear Rho 18": {"simple_regret": [0.011557358796170984, 0.0069220108489084125], "cumul_regret": [0.03972802181913331, 0.010721539562316062], "simple_reward": [0.0655750886794935, 0.1950223022490751], "cumul_reward": [0.0384300949145924, 0.2004721245448466], "percent_arms_correct": [0.6031668331668332, 0.1205741390839897]}, "Linear Rho 116": {"simple_regret": [0.011178944410954404, 0.006749830198258919], "cumul_regret": [0.046533825983303585, 0.012649334253372816], "simple_reward": [0.0659535028090185, 0.1951713832145741], "cumul_reward": [0.031624290642093225, 0.20237879526586508], "percent_arms_correct": [0.6081818181818182, 0.11840131771671232]}, "Linear Rho 132": {"simple_regret": [0.011024802929889709, 0.0067169967447627535], "cumul_regret": [0.0548064520467188, 0.015007300310386953], "simple_reward": [0.06610764441306942, 0.1953210911442929], "cumul_reward": [0.023351664449684947, 0.20394580532404943], "percent_arms_correct": [0.6084715284715284, 0.11891518245347604]}, "Linear Rho 164": {"simple_regret": [0.010942943045635941, 0.006608352753347003], "cumul_regret": [0.06160760133356959, 0.017109715007886307], "simple_reward": [0.06618950395816615, 0.19548372812883466], "cumul_reward": [0.016550515229488062, 0.20490505225597583], "percent_arms_correct": [0.6093806193806194, 0.11737818513535772]}, "Linear Rho 21": {"simple_regret": [0.012490398489282123, 0.0071061508763298024], "cumul_regret": [0.03371060873739064, 0.00878524295509851], "simple_reward": [0.06464204919398975, 0.19490748237961403], "cumul_reward": [0.04444750767650769, 0.19694048316742463], "percent_arms_correct": [0.5905894105894106, 0.12028916312364658]}, "Linear Rho 41": {"simple_regret": [0.01253397236266485, 0.007143451218071303], "cumul_regret": [0.033696595080649025, 0.008821438187556353], "simple_reward": [0.06459847439297331, 0.19474730374724533], "cumul_reward": [0.04446152134060303, 0.19677885949163057], "percent_arms_correct": [0.5900599400599401, 0.1211928574417713]}, "Linear Rho 81": {"simple_regret": [0.01251758974329052, 0.007178922539279787], "cumul_regret": [0.03367318318687848, 0.00878481608549884], "simple_reward": [0.06461485759289419, 0.19484201349603136], "cumul_reward": [0.04448493336154692, 0.19670510440643285], "percent_arms_correct": [0.5893506493506494, 0.12112723110829356]}, "Linear Rho 161": {"simple_regret": [0.012550261422208362, 0.007178296232800606], "cumul_regret": [0.03366305931065638, 0.008764253327179596], "simple_reward": [0.0645821859764689, 0.19480504841886517], "cumul_reward": [0.04449505717835186, 0.19665260992846503], "percent_arms_correct": [0.5897402597402597, 0.12078800737162468]}, "Linear TS 01": {"simple_regret": [0.012162897532310831, 0.007415814556967203], "cumul_regret": [0.06083867524664004, 0.013279617118689758], "simple_reward": [0.0648426340817491, 0.19564289841807206], "cumul_reward": [0.01647276996840052, 0.19770508715132157], "percent_arms_correct": [0.5941558441558441, 0.11875693023917322]}, "Linear TS 02": {"simple_regret": [0.012026870208624918, 0.007198981425134111], "cumul_regret": [0.059834345901286334, 0.012901629596791234], "simple_reward": [0.0649786616526722, 0.1955630705240778], "cumul_reward": [0.017477099423622647, 0.19757259550313847], "percent_arms_correct": [0.5958841158841159, 0.11838339380805504]}, "Linear TS 03": {"simple_regret": [0.012016267573926598, 0.0071805395648255055], "cumul_regret": [0.058828454041903795, 0.01253196132118031], "simple_reward": [0.06498926364532723, 0.1955829772885622], "cumul_reward": [0.018482991286843782, 0.19738160409861405], "percent_arms_correct": [0.5954745254745254, 0.11958887114734926]}, "Linear TS 04": {"simple_regret": [0.0121520758913174, 0.007389082811901835], "cumul_regret": [0.057906902305685085, 0.012202046426705332], "simple_reward": [0.06485345550359883, 0.19561097162141278], "cumul_reward": [0.01940454295085243, 0.19724316838962683], "percent_arms_correct": [0.5939960039960039, 0.11982678134077329]}, "Linear TS 05": {"simple_regret": [0.01200906899707384, 0.007175079426728383], "cumul_regret": [0.05691467932538016, 0.01187826598205596], "simple_reward": [0.06499646278557607, 0.19553105506408236], "cumul_reward": [0.020396765757499456, 0.19707534369115495], "percent_arms_correct": [0.5961938061938061, 0.1189850451133997]}, "Linear TS 06": {"simple_regret": [0.012125859976854067, 0.007326589226516879], "cumul_regret": [0.05596869174431969, 0.011615342797937082], "simple_reward": [0.06487967130042933, 0.19556751068976214], "cumul_reward": [0.021342753545418282, 0.19692345450836046], "percent_arms_correct": [0.5949450549450549, 0.1198768181363498]}, "Linear TS 07": {"simple_regret": [0.012118838175984246, 0.00727491195339904], "cumul_regret": [0.05500805941145201, 0.011363570167901769], "simple_reward": [0.06488669323336034, 0.19553279109339258], "cumul_reward": [0.02230338601081597, 0.19679008260259007], "percent_arms_correct": [0.5935864135864136, 0.11901873514665187]}, "Linear TS 08": {"simple_regret": [0.011958736618590001, 0.007154915448911381], "cumul_regret": [0.05400679964836422, 0.011065863099081162], "simple_reward": [0.06504679495860315, 0.1954684625531992], "cumul_reward": [0.023304645768322484, 0.19657370636252913], "percent_arms_correct": [0.5961338661338661, 0.1190930514641011]}, "Linear TS 09": {"simple_regret": [0.012075817905081256, 0.007169387069963196], "cumul_regret": [0.05304005739281883, 0.0108158905022363], "simple_reward": [0.06492971331001489, 0.19541883533850954], "cumul_reward": [0.02427138783187137, 0.19643506747335382], "percent_arms_correct": [0.5953846153846154, 0.1187887459186265]}, "Linear TS 1": {"simple_regret": [0.012089564189939136, 0.0072098547032296255], "cumul_regret": [0.05198684743066857, 0.010546629427956101], "simple_reward": [0.06491596725778412, 0.19551070295702902], "cumul_reward": [0.02532459769093445, 0.1962524671590942], "percent_arms_correct": [0.5932167832167832, 0.1188474536572036]}, "context_len": 10, "n_days": 5, "n_arms": 10, "n_items": 4, "total_items": 10,