{"Linear Uniform": {"simple_regret": [0.01188948489730758, 0.00696414136538923], "cumul_regret": [0.07806107965230809, 0.021141320879515618], "percent_arms_correct": [0.5937513873473917, 0.12031829923459555]}, "Linear Rho 0": {"simple_regret": [0.010884431003826514, 0.006573698798157152], "cumul_regret": [0.07096302081912459, 0.02023395273484724], "percent_arms_correct": [0.6088457269700333, 0.11701712385977447]}, "Linear Rho 01": {"simple_regret": [0.011113753339061751, 0.00668370556449825], "cumul_regret": [0.04868803768833225, 0.0132484967150125], "percent_arms_correct": [0.6071698113207546, 0.11592834777975279]}, "Linear Rho 02": {"simple_regret": [0.011529611449776017, 0.006784472285261943], "cumul_regret": [0.04016520600217073, 0.01091413245181562], "percent_arms_correct": [0.6022863485016647, 0.11715215886359154]}, "Linear Rho 03": {"simple_regret": [0.011782200954550594, 0.0069552236895399295], "cumul_regret": [0.03661568894166785, 0.009837973431095399], "percent_arms_correct": [0.5995560488346281, 0.12084066622770248]}, "Linear Rho 04": {"simple_regret": [0.012114820223287179, 0.00696126440296518], "cumul_regret": [0.03508366217431545, 0.009265385957292198], "percent_arms_correct": [0.5931742508324085, 0.12051739017569461]}, "Linear Rho 05": {"simple_regret": [0.012132808843758846, 0.006992333101846756], "cumul_regret": [0.034311623971642606, 0.009003355860162616], "percent_arms_correct": [0.5937291897891233, 0.12071590888275734]}, "Linear Rho 06": {"simple_regret": [0.012238717608367786, 0.006887280341934697], "cumul_regret": [0.0339049976820397, 0.00887655472160502], "percent_arms_correct": [0.5929744728079911, 0.1192327879735298]}, "Linear Rho 07": {"simple_regret": [0.01234443514071897, 0.007073784749340547], "cumul_regret": [0.0337542083002751, 0.00879590676077067], "percent_arms_correct": [0.5921087680355162, 0.1214653106357014]}, "Linear Rho 08": {"simple_regret": [0.012424238900807516, 0.00701480448467636], "cumul_regret": [0.03370571980262165, 0.008760928010353655], "percent_arms_correct": [0.5901553829078802, 0.12205318179296139]}, "Linear Rho 09": {"simple_regret": [0.012549172789059976, 0.0070857241604027135], "cumul_regret": [0.03373626329766568, 0.008818951875892203], "percent_arms_correct": [0.5891564927857936, 0.12079811785344022]}, "Linear Rho 1": {"simple_regret": [0.012475479498467347, 0.007188158340414735], "cumul_regret": [0.033681844269699696, 0.008852100029067788], "percent_arms_correct": [0.589511653718091, 0.12037762045667029]}, "Linear TS 01": {"simple_regret": [0.01218624278715916, 0.00738075571464782], "cumul_regret": [0.060668822749622264, 0.01316156072448462], "percent_arms_correct": [0.5932408435072142, 0.11868562797328412]}, "Linear TS 02": {"simple_regret": [0.012069530323427894, 0.007173389863027895], "cumul_regret": [0.059658512531817955, 0.012762686852771606], "percent_arms_correct": [0.5948279689234185, 0.11861809905818174]}, "Linear TS 03": {"simple_regret": [0.01205389480617933, 0.007152666604198825], "cumul_regret": [0.05866333218157027, 0.012401580002243898], "percent_arms_correct": [0.5944950055493897, 0.11979493775435775]}, "Linear TS 04": {"simple_regret": [0.012220698356389127, 0.007373536942194386], "cumul_regret": [0.05774212660356843, 0.01206562429616527], "percent_arms_correct": [0.592519422863485, 0.11994903149043669]}, "Linear TS 05": {"simple_regret": [0.012060817284545071, 0.0070955924222220555], "cumul_regret": [0.056738260140710754, 0.01173613571127827], "percent_arms_correct": [0.5949167591564928, 0.11867806253525458]}, "Linear TS 06": {"simple_regret": [0.01218075539049001, 0.00727729188602087], "cumul_regret": [0.055814224504736505, 0.01148479329458044], "percent_arms_correct": [0.5936736958934516, 0.11974603196590272]}, "Linear TS 07": {"simple_regret": [0.01220575448944255, 0.007249822916058104], "cumul_regret": [0.05485210194522216, 0.01124040182481671], "percent_arms_correct": [0.5919422863485015, 0.11883312149642426]}, "Linear TS 08": {"simple_regret": [0.012023243851691989, 0.007130143145940773], "cumul_regret": [0.05386666253986422, 0.01094647816708947], "percent_arms_correct": [0.5950055493895672, 0.11896111981197019]}, "Linear TS 09": {"simple_regret": [0.012164795922929964, 0.007162177174576393], "cumul_regret": [0.0529168062482637, 0.010689622590937224], "percent_arms_correct": [0.5935849056603774, 0.11885469334250794]}, "Linear TS 1": {"simple_regret": [0.012173391625101159, 0.007239134973634299], "cumul_regret": [0.05187003230293602, 0.010431265904113847], "percent_arms_correct": [0.5917203107658158, 0.11925235797077742]}, "context_len": 10, "n_days": 5, "n_arms": 10, "n_items": 4, "total_items": 10, "batch_size": 100, "s2": 0.2, "device": "cuda:0", "scaling": 0.0002}